<?xml version="1.0" encoding="UTF-8"?>

<!-- generated on 8/29/2017 2:40:23 PM by Netedit Version 0.25.0
<?xml version="1.0" encoding="UTF-8"?>

<configuration xmlns:xsi="http://www.w3.org/2001/XMLSchema-instance" xsi:noNamespaceSchemaLocation="http://sumo.dlr.de/xsd/netedit.exeConfiguration.xsd">

    <output>
        <output-file value="D:\Aca\FYP\Softwares\sumo-0.29.0\Work\viptest1\viptest1.net.xml"/>
    </output>

    <processing>
        <no-turnarounds value="true"/>
        <offset.disable-normalization value="true"/>
    </processing>

</configuration>
-->

<net version="0.25" xmlns:xsi="http://www.w3.org/2001/XMLSchema-instance" xsi:noNamespaceSchemaLocation="http://sumo.dlr.de/xsd/net_file.xsd">

    <location netOffset="0.00,0.00" convBoundary="0.00,0.00,1000.00,0.00" origBoundary="10000000000.00,10000000000.00,-10000000000.00,-10000000000.00" projParameter="!"/>

    <edge id="1to2" from="1" to="2" priority="1">
        <lane id="1to2_0" index="0" speed="27.78" length="1000.00" shape="0.00,-4.95 1000.00,-4.95"/>
        <lane id="1to2_1" index="1" speed="13.89" length="1000.00" shape="0.00,-1.65 1000.00,-1.65"/>
    </edge>
</net>
